,dim,algo,param,jsd,iteration
0,64,n2v,1 1,0.08476876,0
1,128,n2v,1 1,0.09015825,0
