,dim,algo,param,jsd,iteration
0,4,n2v,1 1,0.1558686,0
1,8,n2v,1 1,0.1386654,0
2,16,n2v,1 1,0.1209075,0
